eval,item,Qwen/Qwen3.6-27B
multihop,carnival-ocean,True
multihop,amazon-language,True
multihop,mars-color,True
multihop,spider-legs,True
multihop,basketball-players,True
multihop,paper-continent,True
multihop,christmas-season,True
multihop,osu-rival-mascot,False
multihop,topeka-west,False
multihop,atomic-79-symbol,True
multihop,atomic-26-symbol,False
multihop,atomic-29-symbol,True
multihop,atomic-80-state,False
multihop,atomic-29-flame,False
multihop,planet-3-moons,False
multihop,month-3-godof,True
multihop,spaceneedle-border,False
multihop,rhyme-rain-neighbor,False
multihop,rhyme-door-doubled,False
multihop,rhyme-chair-flag,False
multihop,rhyme-spoon-orbit,False
multihop,etym-wargod-month,True
multihop,etym-frigg-position,False
multihop,etym-saturn-position,True
multihop,chem-photosynthesis-Z,True
multihop,chem-atmosphere-Z,True
multihop,chem-organic-Z,True
multihop,chem-bones-Z,True
multihop,func-pumps-chambers,True
multihop,func-filters-count,True
multihop,birthstone-emerald-month,True
multihop,violin-strings,True
multihop,nhop-primary-planet,False
multihop,nhop-rings-planet,False
multihop,nhop-guitar-planet,True
multihop,nhop-compass-planet,False
multihop,nhop-volleyball-planet,False
multihop,nhop-alphabet-element,False
multihop,nhop-fortnight-element,False
multihop,nhop-cube-element,False
multihop,nhop-rainbow-element,False
multihop,nhop-spider-element,False
multihop,nhop-insect-element,True
multihop,nhop-week-element,False
multihop,super-largest-country-capital,True
multihop,super-smallest-continent,True
multihop,super-populous-capital,True
multihop,super-largest-island-nation,False
multihop,colosseum-currency,False
multihop,greatwall-ocean,True
multihop,holiday-independence-monthnum,True
multihop,holiday-christmas-monthnum,True
multihop,holiday-halloween-monthnum,True
multihop,holiday-valentines-monthnum,True
multihop,month-1-godof,True
multihop,etym-janus-monthnum,False
multihop,month-7-namedafter,True
multihop,etym-caesar-monthnum,True
multihop,nhop-soccer-element,False
multihop,nhop-chess-element,False
multihop,nhop-suit-element,False
multihop,nhop-clock-element,False
multihop,nhop-deck-element,False
multihop,inv-sunrise-opposite,False
multihop,inv-balloon-opposite,True
multihop,inv-roots-opposite,True
multihop,inv-antarctica-opposite,False
multihop,rhyme-tree-squared,True
multihop,rhyme-hive-plusone,False
multihop,rhyme-fix-halved,True
multihop,rhyme-shoe-doubled,False
multihop,tajmahal-continent,True
multihop,louvre-language,True
multihop,firstletter-halloween-month,True
multihop,firstletter-valentines-month,True
multihop,firstletter-populous-country,False
multihop,firstletter-paris-country,False
multihop,firstletter-greatwall-country,False
multihop,succ-halloween-nextmonth,True
multihop,pred-valentines-prevmonth,True
multihop,dual-stars-visible-opposite,True
multihop,dual-photosynthesis-opposite,True
multihop,roman-rings-olympic,False
multihop,roman-states-us,False
multihop,half-clock-hours,True
multihop,double-dice-faces,True
multihop,letterpos-water-symbol,False
multihop,letterpos-oxygen-symbol,False
multihop,letterpos-carbon-symbol,False
multihop,letterpos-nitrogen-symbol,False
multihop,dbl-armistice-antonym,True
multihop,dbl-obituary-antonym,True
multihop,dbl-altitude-antonym,True
multilingual,spanish-opposite-big,True
multilingual,french-season-summer,True
multilingual,german-opposite-loud,False
multilingual,chinese-color-banana,False
multilingual,japanese-day-monday,False
multilingual,russian-opposite-heavy,False
multilingual,italian-color-sky,False
multilingual,portuguese-season-spring,False
multilingual,arabic-color-blood,False
multilingual,korean-opposite-hot,False
multilingual,dutch-opposite-big,True
multilingual,greek-color-sea,False
multilingual,hindi-color-snow,True
multilingual,polish-opposite-wet,False
multilingual,turkish-opposite-fast,True
multilingual,swedish-opposite-hard,True
multilingual,hebrew-color-moon,False
multilingual,finnish-season-summer,False
multilingual,danish-color-ocean,False
multilingual,norwegian-season-spring,False
multilingual,czech-opposite-tall,True
multilingual,thai-color-blood,True
multilingual,vietnamese-opposite-heavy,True
multilingual,indonesian-color-grass,False
multilingual,romanian-opposite-young,True
multilingual,hungarian-color-sea,True
multilingual,spanish-number-three,True
multilingual,german-number-five,True
multilingual,french-number-seven,True
multilingual,italian-number-two,True
multilingual,russian-number-four,True
multilingual,chinese-number-eight,True
multilingual,portuguese-direction-up,True
multilingual,dutch-direction-left,True
multilingual,polish-direction-left,True
multilingual,spanish-body-see,True
multilingual,german-body-hear,False
multilingual,french-body-walk,False
multilingual,spanish-family-uncle,True
multilingual,german-family-aunt,True
multilingual,french-family-nephew,False
multilingual,italian-family-grandmother,True
multilingual,spanish-phase-water,True
multilingual,german-phase-water,True
multilingual,ukrainian-opposite-day,True
multilingual,bulgarian-color-grass,True
multilingual,serbian-opposite-day,True
multilingual,croatian-opposite-big,True
multilingual,slovak-opposite-young,True
multilingual,estonian-opposite-open,True
multilingual,irish-opposite-big,True
multilingual,persian-color-blood,False
multilingual,bengali-opposite-up,True
multilingual,filipino-opposite-up,False
multilingual,fr-month-after-jan,True
multilingual,fr-month-after-may,True
multilingual,fr-month-before-mar,True
multilingual,de-month-after-jan,True
multilingual,de-month-after-jul,True
multilingual,de-month-before-dec,True
multilingual,es-month-after-mar,True
multilingual,es-month-after-sep,True
multilingual,es-month-before-jun,True
multilingual,pt-month-after-apr,True
multilingual,pt-month-after-oct,True
multilingual,pt-month-before-aug,True
multilingual,fr-half-six,True
multilingual,fr-double-three,True
multilingual,de-half-six,True
multilingual,de-double-two,True
multilingual,es-half-four,False
multilingual,es-double-three,True
multilingual,pt-half-six,True
multilingual,pt-double-two,True
multilingual,fr-number-after-four,True
multilingual,de-number-after-three,True
multilingual,es-number-after-two,True
multilingual,pt-number-after-five,True
multilingual,fr-color-night,False
multilingual,de-color-night,False
multilingual,es-color-night,True
multilingual,fr-time-after-night,True
multilingual,de-time-after-night,True
multilingual,es-time-after-day,True
multilingual,pt-time-after-night,True
multilingual,fr-size-big-small,True
multilingual,de-size-big-small,True
multilingual,es-size-big-small,True
multilingual,pt-size-big-small,True
multilingual,fr-place-up-down,True
multilingual,de-place-up-down,True
multilingual,es-place-up-down,True
multilingual,pt-place-up-down,True
multilingual,fr-place-near-far,True
multilingual,de-place-near-far,True
multilingual,es-place-near-far,True
multilingual,pt-place-near-far,True
multilingual,fr-time-old-young,True
multilingual,de-time-old-new,False
multilingual,es-time-old-new,False
multilingual,pt-time-old-new,False
multilingual,fr-order-first-last,True
multilingual,de-order-first-last,True
multilingual,es-order-first-last,True
multilingual,pt-order-first-last,True
multilingual,frn-number-after-one,True
multilingual,frn-month-after-jun,True
order-ops,parens-add-mult,True
order-ops,parens-sub-mult,True
order-ops,mult-parens-add,True
order-ops,mult-parens-sub,True
order-ops,add-mult-right,True
order-ops,mult-add-left,True
order-ops,sub-mult-right,True
order-ops,mult-sub-left,True
order-ops,add-sub-left-right,True
order-ops,sub-add-left-right,True
order-ops,div-parens-add,True
order-ops,parens-add-div,True
order-ops,parens-sub-div,True
order-ops,div-sub-left,True
order-ops,chain-add-mult-add,True
order-ops,chain-mult-sub-add,False
order-ops,chain-sub-mult-sub,False
order-ops,nested-add-mult-sub,True
order-ops,nested-mult-add-div,True
order-ops,nested-sub-add-mult,True
order-ops,word-add-mult,False
order-ops,word-mult-sub,False
order-ops,word-parens,False
order-ops,mod-add,False
order-ops,mod-mult,True
order-ops,square-sub,False
order-ops,mult-mult-left,True
order-ops,div-div-left,False
order-ops,mult-div-left,True
order-ops,div-mult-left,True
order-ops,mult-div-mult,True
order-ops,add-add-add,True
order-ops,sub-sub-sub,True
order-ops,add-sub-add-sub,True
order-ops,chain-mult-mult-add,True
order-ops,nested-add-add-mult,True
order-ops,nested-mult-sub-add,True
order-ops,nested-div-add-sub,True
order-ops,nested-sub-div-mult,True
order-ops,nested4-add-mult-add-div,True
order-ops,nested4-sub-add-mult-sub,True
order-ops,redundant-parens-mult,True
order-ops,redundant-parens-div,False
order-ops,word-sub-mult,False
order-ops,word-add-add,False
order-ops,word-div-sub,False
order-ops,mixed-mult-add,True
order-ops,mixed-parens-mult,True
order-ops,mod-sub,False
order-ops,square-div,False
order-ops,square-mult,True
order-ops,pystar-add,True
order-ops,pystar-sub,True
order-ops,floordiv-add,True
order-ops,floordiv-mult,True
poetry,couplet-breath-death,True
poetry,couplet-stone-bone,True
poetry,couplet-divine-wine,True
poetry,couplet-flame-name,True
poetry,couplet-sleep-deep,True
poetry,couplet-gold-cold,True
poetry,couplet-flight-night,True
poetry,couplet-wave-grave,True
poetry,couplet-true-through,True
poetry,couplet-throne-alone,False
poetry,couplet-divine-wine-to-sign,True
poetry,couplet-dust-trust,True
poetry,couplet-ground-sound,True
poetry,couplet-bed-dead,True
poetry,couplet-fight-light,False
poetry,couplet-sea-free,True
poetry,couplet-moon-soon,True
poetry,couplet-art-heart,True
poetry,couplet-rain-pain,True
poetry,couplet-snow-grow,False
poetry,couplet-shore-more,True
poetry,couplet-heart-apart,True
poetry,couplet-miss-kiss,True
poetry,couplet-eyes-lies,True
poetry,couplet-hold-old,False
poetry,couplet-fall-wall,True
poetry,couplet-chase-face,True
poetry,couplet-trap-map,True
poetry,couplet-gate-fate,True
poetry,couplet-gun-run,False
poetry,couplet-told-gold,True
poetry,couplet-mind-find,True
poetry,couplet-dream-seem,True
poetry,couplet-time-climb,True
poetry,couplet-known-grown,False
poetry,couplet-war-door,True
poetry,couplet-smoke-spoke,False
poetry,couplet-head-bed,True
poetry,couplet-deep-keep,True
poetry,couplet-cat-mat,True
poetry,couplet-cake-mistake,True
poetry,couplet-shoe-blue,True
poetry,couplet-foam-home,True
poetry,couplet-song-long,True
poetry,couplet-near-fear,False
poetry,couplet-clear-year,True
poetry,couplet-sky-fly,True
poetry,couplet-high-cry,True
poetry,couplet-star-far,True
poetry,couplet-bend-end,True
poetry,couplet-bright-sight,True
poetry,couplet-white-write,True
poetry,couplet-gray-day,True
poetry,couplet-field-play,False
poetry,couplet-away-way,True
poetry,couplet-stars-space,False
poetry,couplet-chase-place,True
poetry,couplet-pace-race,True
poetry,couplet-base-case,True
poetry,couplet-blame-game,True
poetry,couplet-frame-same,True
poetry,couplet-fear-near,True
poetry,couplet-scar-star,True
poetry,couplet-jar-car,True
poetry,couplet-tree-three,False
poetry,couplet-sea-see,True
poetry,couplet-lock-key,True
poetry,couplet-crown-town,True
poetry,couplet-gown-down,True
poetry,couplet-sold-told,True
poetry,couplet-regret-met,True
poetry,couplet-threat-set,True
poetry,couplet-forget-get,False
poetry,couplet-hook-book,True
poetry,couplet-brook-look,True
poetry,couplet-shook-took,False
poetry,couplet-above-love,True
poetry,couplet-heart-art,True
poetry,couplet-apart-part,True
poetry,couplet-depart-start,True
poetry,couplet-hall-call,True
poetry,couplet-tall-small,True
poetry,couplet-hand-land,True
poetry,couplet-attack-back,True
poetry,couplet-crack-black,False
poetry,couplet-sun-done,True
poetry,couplet-fun-won,True
poetry,couplet-lake-break,False
poetry,couplet-mistake-make,True
poetry,couplet-slow-low,True
poetry,couplet-grow-show,True
poetry,couplet-below-know,True
poetry,couplet-dead-red,True
poetry,couplet-ahead-head,True
poetry,couplet-wait-late,True
poetry,couplet-fate-great,False
poetry,couplet-ground-round,False
poetry,couplet-sound-found,True
association,grief,
association,pregnant,
association,lie,
association,poverty,
association,proposal,
association,fired,
association,divorce,
association,relief,
association,pennsylvania,
association,prohibition,
association,nasa,
association,einstein,
association,darwin,
association,beatles,
association,lincoln,
association,obama,
association,olympics,
association,churchill,
association,newton,
association,mozart,
association,berlin,
association,armstrong,
association,wright,
association,gandhi,
association,edison,
association,cia,
association,vatican,
association,hollywood,
association,pentagon,
association,unesco,
association,anger,
association,frustrated,
association,lonely,
association,shame,
association,noir,
association,horror,
association,fairy,
association,siblings,
association,rivals,
association,mother,
association,boss,
association,neighbors,
association,teacher,
association,underwater,
association,desert,
association,chess,
association,poker,
association,interview,
association,dawn,
association,winter,
association,death-h,
association,war-h,
association,love-h,
association,home-h,
association,school-h,
association,church-h,
association,office-h,
association,court-h,
association,park-h,
association,city-h,
association,town-h,
association,field-h,
association,store-h,
association,art-h,
association,music-h,
association,math-h,
association,science-h,
association,history-h,
association,law-h,
association,film-h,
association,code-h,
association,news-h,
association,night-h,
association,past-h,
association,future-h,
association,race-h,
association,game-h,
association,test-h,
association,search-h,
association,free-h,
association,found-h,
association,king-h,
association,father-h,
association,child-h,
association,water-h,
association,space-h,
association,air-h,
association,light-h,
association,france-h,
association,china-h,
association,london-h,
association,book-h,
association,time-h,
association,fr-ecole,
association,fr-eglise,
association,fr-pere,
association,fr-cafe,
association,de-konig,
association,es-dia,
association,es-rio,
association,pt-agua,
association,es-musica,
typo,typo-language,
typo,typo-government,
typo,typo-across,
typo,typo-search,
typo,typo-address,
typo,typo-because,
typo,typo-until,
typo,typo-people,
typo,typo-something,
typo,typo-business,
typo,typo-different,
typo,typo-really,
typo,typo-field,
typo,typo-review,
typo,typo-height,
typo,typo-science,
typo,typo-library,
typo,typo-February,
typo,typo-together,
typo,typo-account,
typo,typo-function,
typo,typo-against,
typo,typo-around,
typo,typo-important,
typo,typo-building,
typo,typo-without,
typo,typo-another,
typo,typo-between,
typo,typo-several,
typo,typo-special,
typo,typo-country,
typo,typo-company,
typo,typo-already,
typo,typo-which,
typo,typo-running,
typo,typo-college,
typo,typo-million,
typo,typo-village,
typo,typo-message,
typo,typo-success,
typo,typo-change,
typo,typo-length,
typo,typo-always,
typo,typo-island,
typo,typo-single,
typo,typo-little,
typo,typo-already2,
typo,typo-although,
typo,typo-again,
typo,typo-program,
typo,typo-model,
typo,typo-family,
typo,typo-future,
typo,typo-level,
typo,typo-local,
typo,typo-order,
typo,typo-power,
typo,typo-study,
typo,typo-write,
typo,typo-young,
typo,typo-human,
typo,typo-major,
typo,typo-often,
typo,typo-present,
typo,typo-product,
typo,typo-project,
typo,typo-support,
typo,typo-division,
typo,typo-original,
typo,typo-position,
typo,typo-material,
typo,typo-property,
typo,typo-security,
typo,typo-training,
typo,typo-football,
typo,typo-course,
typo,typo-house,
typo,typo-great,
typo,typo-light,
typo,typo-night,
typo,typo-right,
typo,typo-control,
typo,typo-would,
typo,typo-world,
typo,typo-water,
typo,typo-market,
typo,typo-person,
typo,typo-number,
typo,typo-within,
typo,typo-second,
typo,typo-source,
typo,typo-action,
typo,typo-since,
typo,typo-first,
typo,typo-those,
typo,typo-short,
